"Scenario";"Model";"AIC";"Slope";"Velocity_km_y";"Easting";"Northing";"DeltaAIC"
"Bone_Only";"Data-driven";10511,546065377;-0,00155090432714511;0,644785098924053;892031,308825165;4498231,76063378;0
"Bone_Only";"Northeast";10558,1334562825;-0,000462869763648444;2,16043491827545;1453903,89760285;4717929,4427152;46,5873909054844
"Bone_Only";"Campo_Hockey";10566,6214410044;0,000495961079851301;NA;749891,591844877;4037061,79996268;55,075375627368
"Bone_Only";"Southwest";10571,293372586;0,000389739030629215;NA;572503,683251106;4122979,29524554;59,7473072089233
"Corrected_500y";"Data-driven";17346,1866517871;-0,00119934994276863;0,833785006644148;832058,206509189;4807647,39649751;0
"Corrected_500y";"Campo_Hockey";17392,6056754783;0,00101321054635513;NA;749891,591844877;4037061,79996268;46,4190236912436
"Corrected_500y";"Southwest";17397,4017156821;0,000834654855914962;NA;572503,683251106;4122979,29524554;51,2150638950188
"Corrected_500y";"Northeast";17437,6142512002;-0,000772561060115209;1,29439606993766;1453903,89760285;4717929,4427152;91,4275994130912
"Raw";"Data-driven";17382,5434261124;-0,00137705750794168;0,726186084628172;670794,481369111;4815662,87095698;0
"Raw";"Campo_Hockey";17469,6438459445;0,000867311297222132;NA;749891,591844877;4037061,79996268;87,1004198320479
"Raw";"Southwest";17499,2538595363;0,000615333442603315;NA;572503,683251106;4122979,29524554;116,710433423847
"Raw";"Northeast";17521,9837935266;0,000170939966232494;NA;1453903,89760285;4717929,4427152;139,440367414201
